<?xml version="1.0" encoding="utf-8"?>
<finishers>
	<runner>
		<fname>John</fname>
		<lname>Smith</lname>
		<gender>m</gender>
		<time>25:31</time>
	</runner>  
	<runner>
		<fname>Jacob</fname>
		<lname>Walker</lname>
		<gender>m</gender>
		<time>25:54</time>
	</runner>
	<runner>
		<fname>Mary</fname>
		<lname>Brown</lname>
		<gender>f</gender>
		<time>26:01 </time>
	</runner> 
	<runner>
		<fname>Jenny</fname>
		<lname>Pierce</lname>
		<gender>f</gender>
		<time> 26:04</time>
	</runner>
	<runner>
		<fname>Frank</fname>
		<lname>Jones</lname>
		<gender>m</gender>
		<time>26:08</time>
	</runner>
	<runner>
		<fname>Bob</fname>
		<lname>Hope</lname>
		<gender>m</gender>
		<time>26:38</time>
	</runner>
	<runner>
		<fname>Jane</fname>
		<lname>Smith</lname>
		<gender>f</gender>
		<time> 28:04</time>
	</runner>
	<runner>
		<fname>Ryan</fname>
		<lname>Rice</lname>
		<gender>m</gender>
		<time>28:24</time>
	</runner>
	<runner>
		<fname>Justin</fname>
		<lname>Jones</lname>
		<gender>m</gender>
		<time>29:14</time>
	</runner>
</finishers>